video,mudra_label,width,height,frame_count,duration_sec,fps,blur,brightness,stability,blur_ok,brightness_ok,fps_ok,resolution_ok,duration_ok,two_hand_pct,two_hand_ok
1-Ardhpatka\IMG_1134.mp4,Ardhpatka,1080,1920,346,11.53,30.0,37.91,117.02,1.08,True,True,True,True,True,100.0,True
1-Ardhpatka\IMG_1135.mp4,Ardhpatka,1080,1920,340,11.33,30.0,37.79,116.82,0.96,True,True,True,True,True,100.0,True
1-Ardhpatka\IMG_1136.mp4,Ardhpatka,1080,1920,343,11.43,30.0,39.8,115.54,0.91,True,True,True,True,True,100.0,True
1-Ardhpatka\IMG_1137.mp4,Ardhpatka,1080,1920,344,11.47,30.0,39.88,115.95,0.97,True,True,True,True,True,100.0,True
1-Ardhpatka\IMG_1138.mp4,Ardhpatka,1080,1920,349,11.63,30.0,39.12,116.17,0.95,True,True,True,True,True,100.0,True
1-Ardhpatka\IMG_1139.mp4,Ardhpatka,1080,1920,345,11.5,30.0,38.63,115.94,1.11,True,True,True,True,True,100.0,True
1-Ardhpatka\IMG_3045.mp4,Ardhpatka,1080,1920,693,11.55,60.0,25.73,157.77,0.52,True,True,True,True,True,100.0,True
1-Ardhpatka\IMG_3046.mp4,Ardhpatka,1080,1920,709,11.82,60.0,31.4,157.63,0.57,True,True,True,True,True,100.0,True
1-Ardhpatka\IMG_3047.mp4,Ardhpatka,1080,1920,695,11.58,60.0,27.74,157.39,0.47,True,True,True,True,True,100.0,True
1-Ardhpatka\IMG_3048.mp4,Ardhpatka,1080,1920,698,11.63,60.0,26.05,158.55,0.54,True,True,True,True,True,100.0,True
1-Ardhpatka\IMG_3049.mp4,Ardhpatka,1080,1920,703,11.72,60.0,26.93,157.21,0.38,True,True,True,True,True,100.0,True
1-Ardhpatka\IMG_3050.mp4,Ardhpatka,1080,1920,704,11.73,60.0,26.88,157.4,0.44,True,True,True,True,True,100.0,True
1-Ardhpatka\IMG_3892.mp4,Ardhpatka,1080,1920,674,11.24,59.94,48.69,124.68,0.55,True,True,True,True,True,100.0,True
1-Ardhpatka\IMG_3893.mp4,Ardhpatka,1080,1920,669,11.16,59.94,47.04,123.25,0.52,True,True,True,True,True,100.0,True
1-Ardhpatka\IMG_3894.mp4,Ardhpatka,1080,1920,677,11.29,59.94,46.37,123.81,0.49,True,True,True,True,True,100.0,True
1-Ardhpatka\IMG_3895.mp4,Ardhpatka,1080,1920,681,11.36,59.94,45.55,123.5,0.44,True,True,True,True,True,100.0,True
1-Ardhpatka\IMG_3896.mp4,Ardhpatka,1080,1920,674,11.24,59.94,46.73,123.45,0.44,True,True,True,True,True,100.0,True
1-Ardhpatka\IMG_3897.mp4,Ardhpatka,1080,1920,669,11.16,59.94,46.67,123.7,0.46,True,True,True,True,True,100.0,True
1-Ardhpatka\IMG_4613.mp4,Ardhpatka,1080,1920,684,11.4,60.0,42.19,116.3,0.52,True,True,True,True,True,100.0,True
1-Ardhpatka\IMG_4614.mp4,Ardhpatka,1080,1920,683,11.38,60.0,41.33,116.44,0.61,True,True,True,True,True,100.0,True
1-Ardhpatka\IMG_4615.mp4,Ardhpatka,1080,1920,678,11.3,60.0,40.75,115.23,0.46,True,True,True,True,True,100.0,True
1-Ardhpatka\IMG_4616.mp4,Ardhpatka,1080,1920,650,10.83,60.0,41.62,116.44,0.47,True,True,True,True,True,100.0,True
1-Ardhpatka\IMG_4617.mp4,Ardhpatka,1080,1920,681,11.35,60.0,40.01,115.61,0.48,True,True,True,True,True,100.0,True
1-Ardhpatka\IMG_4618.mp4,Ardhpatka,1080,1920,676,11.27,60.0,38.87,114.9,0.54,True,True,True,True,True,100.0,True
1-Ardhpatka\VID_20250529_153447.mp4,Ardhpatka,1080,1920,353,11.77,30.0,18.2,131.77,1.22,True,True,True,True,True,100.0,True
1-Ardhpatka\VID_20250529_153519.mp4,Ardhpatka,1080,1920,337,11.23,30.0,13.01,131.35,1.18,False,True,True,True,True,100.0,True
1-Ardhpatka\VID_20250529_153542.mp4,Ardhpatka,1080,1920,35,1.17,30.0,19.87,128.2,5.35,True,True,True,True,False,,
1-Ardhpatka\VID_20250529_153544.mp4,Ardhpatka,1080,1920,357,11.9,30.0,26.2,129.37,1.35,True,True,True,True,True,100.0,True
1-Ardhpatka\VID_20250529_153603.mp4,Ardhpatka,1080,1920,346,11.53,30.0,26.05,129.34,1.11,True,True,True,True,True,100.0,True
1-Ardhpatka\VID_20250529_153623.mp4,Ardhpatka,1080,1920,345,11.5,30.0,24.75,131.1,1.73,True,True,True,True,True,100.0,True
1-Ardhpatka\VID_20250529_153642.mp4,Ardhpatka,1080,1920,336,11.2,30.0,24.68,131.03,1.5,True,True,True,True,True,100.0,True
10-Katakamukha\IMG_1191.mp4,Katakamukha,1080,1920,692,11.53,60.0,29.89,144.04,0.56,True,True,True,True,True,100.0,True
10-Katakamukha\IMG_1192.mp4,Katakamukha,1080,1920,694,11.57,60.0,33.33,143.01,0.43,True,True,True,True,True,100.0,True
10-Katakamukha\IMG_1193.mp4,Katakamukha,1080,1920,689,11.48,60.0,34.09,142.45,0.48,True,True,True,True,True,100.0,True
10-Katakamukha\IMG_1194.mp4,Katakamukha,1080,1920,698,11.63,60.0,32.83,143.06,0.46,True,True,True,True,True,100.0,True
10-Katakamukha\IMG_1195.mp4,Katakamukha,1080,1920,702,11.7,60.0,33.01,142.56,0.45,True,True,True,True,True,100.0,True
10-Katakamukha\IMG_1196.mp4,Katakamukha,1080,1920,701,11.7,59.94,39.88,142.91,0.55,True,True,True,True,True,100.0,True
10-Katakamukha\IMG_4669.mp4,Katakamukha,1080,1920,687,11.45,60.0,39.42,112.8,0.61,True,True,True,True,True,100.0,True
10-Katakamukha\IMG_4670.mp4,Katakamukha,1080,1920,688,11.47,60.0,41.15,113.6,0.49,True,True,True,True,True,100.0,True
10-Katakamukha\IMG_4671.mp4,Katakamukha,1080,1920,690,11.5,60.0,40.02,113.58,0.62,True,True,True,True,True,100.0,True
10-Katakamukha\IMG_4672.mp4,Katakamukha,1080,1920,694,11.57,60.0,39.32,114.08,0.62,True,True,True,True,True,100.0,True
10-Katakamukha\IMG_4673.mp4,Katakamukha,1080,1920,691,11.52,60.0,38.69,113.33,0.72,True,True,True,True,True,100.0,True
10-Katakamukha\IMG_4674.mp4,Katakamukha,1080,1920,681,11.35,60.0,40.64,114.66,0.49,True,True,True,True,True,100.0,True
10-Katakamukha\VID_20250529_160434.mp4,Katakamukha,1080,1920,351,11.7,30.0,25.06,121.94,1.44,True,True,True,True,True,100.0,True
10-Katakamukha\VID_20250529_160452.mp4,Katakamukha,1080,1920,340,11.33,30.0,24.74,123.01,1.11,True,True,True,True,True,100.0,True
10-Katakamukha\VID_20250529_160508.mp4,Katakamukha,1080,1920,349,11.63,30.0,25.24,124.83,1.13,True,True,True,True,True,100.0,True
10-Katakamukha\VID_20250529_160524.mp4,Katakamukha,1080,1920,344,11.47,30.0,15.62,123.07,1.3,False,True,True,True,True,100.0,True
10-Katakamukha\VID_20250529_160541.mp4,Katakamukha,1080,1920,333,11.1,30.0,15.26,121.92,0.97,False,True,True,True,True,100.0,True
10-Katakamukha\VID_20250529_161058.mp4,Katakamukha,1080,1920,348,11.6,30.0,24.26,126.02,2.36,True,True,True,True,True,100.0,True
11-Suchi\IMG_1197.mp4,Suchi,1080,1920,692,11.54,59.94,39.21,151.48,0.48,True,True,True,True,True,100.0,True
11-Suchi\IMG_1198.mp4,Suchi,1080,1920,687,11.46,59.94,44.29,149.9,0.32,True,True,True,True,True,100.0,True
11-Suchi\IMG_1199.mp4,Suchi,1080,1920,696,11.61,59.94,43.86,150.0,0.49,True,True,True,True,True,100.0,True
11-Suchi\IMG_1200.mp4,Suchi,1080,1920,698,11.64,59.94,47.03,149.98,0.37,True,True,True,True,True,100.0,True
11-Suchi\IMG_1201.mp4,Suchi,1080,1920,692,11.54,59.94,46.82,148.77,0.37,True,True,True,True,True,100.0,True
11-Suchi\IMG_1202.mp4,Suchi,1080,1920,688,11.47,60.0,39.4,148.5,0.51,True,True,True,True,True,100.0,True
11-Suchi\IMG_4675.mp4,Suchi,1080,1920,688,11.47,60.0,38.8,114.37,0.51,True,True,True,True,True,100.0,True
11-Suchi\IMG_4676.mp4,Suchi,1080,1920,688,11.47,60.0,38.49,114.65,0.52,True,True,True,True,True,100.0,True
11-Suchi\IMG_4677.mp4,Suchi,1080,1920,687,11.45,60.0,39.06,114.26,0.5,True,True,True,True,True,100.0,True
11-Suchi\IMG_4678.mp4,Suchi,1080,1920,683,11.38,60.0,38.9,114.18,0.61,True,True,True,True,True,100.0,True
11-Suchi\IMG_4679.mp4,Suchi,1080,1920,688,11.47,60.0,38.27,114.46,0.62,True,True,True,True,True,100.0,True
11-Suchi\IMG_4680.mp4,Suchi,1080,1920,686,11.43,60.0,37.67,114.79,0.49,True,True,True,True,True,100.0,True
11-Suchi\VID_20250529_161138.mp4,Suchi,1080,1920,354,11.8,30.0,16.85,124.5,1.56,False,True,True,True,True,100.0,True
11-Suchi\VID_20250529_161155.mp4,Suchi,1080,1920,341,11.37,30.0,17.46,124.37,1.26,False,True,True,True,True,100.0,True
11-Suchi\VID_20250529_161211.mp4,Suchi,1080,1920,360,12.0,30.0,17.41,125.21,0.95,False,True,True,True,True,100.0,True
11-Suchi\VID_20250529_161227.mp4,Suchi,1080,1920,348,11.6,30.0,17.92,124.78,1.06,False,True,True,True,True,100.0,True
11-Suchi\VID_20250529_161244.mp4,Suchi,1080,1920,378,12.6,30.0,18.65,124.71,1.25,True,True,True,True,True,100.0,True
11-Suchi\VID_20250529_161345.mp4,Suchi,1080,1920,375,12.5,30.0,21.11,131.24,1.19,True,True,True,True,True,100.0,True
12-Chandrakala\IMG_1203.mp4,Chandrakala,1080,1920,704,11.73,60.0,42.06,145.0,0.54,True,True,True,True,True,100.0,True
12-Chandrakala\IMG_1204.mp4,Chandrakala,1080,1920,752,12.53,60.0,40.12,145.95,0.54,True,True,True,True,True,100.0,True
12-Chandrakala\IMG_1205.mp4,Chandrakala,1080,1920,697,11.63,59.94,34.16,143.48,0.91,True,True,True,True,True,100.0,True
12-Chandrakala\IMG_1206.mp4,Chandrakala,1080,1920,689,11.49,59.94,38.23,142.29,0.72,True,True,True,True,True,100.0,True
12-Chandrakala\IMG_1207.mp4,Chandrakala,1080,1920,697,11.63,59.94,38.74,141.38,0.77,True,True,True,True,True,100.0,True
12-Chandrakala\IMG_1208.mp4,Chandrakala,1080,1920,699,11.66,59.94,35.99,141.67,0.61,True,True,True,True,True,100.0,True
12-Chandrakala\IMG_4681.mp4,Chandrakala,1080,1920,683,11.38,60.0,36.33,115.04,0.46,True,True,True,True,True,100.0,True
12-Chandrakala\IMG_4682.mp4,Chandrakala,1080,1920,686,11.43,60.0,37.43,115.19,0.58,True,True,True,True,True,100.0,True
12-Chandrakala\IMG_4683.mp4,Chandrakala,1080,1920,690,11.5,60.0,39.08,114.28,0.51,True,True,True,True,True,100.0,True
12-Chandrakala\IMG_4684.mp4,Chandrakala,1080,1920,688,11.47,60.0,39.54,114.14,0.51,True,True,True,True,True,100.0,True
12-Chandrakala\IMG_4685.mp4,Chandrakala,1080,1920,681,11.35,60.0,39.04,114.23,0.51,True,True,True,True,True,100.0,True
12-Chandrakala\IMG_4686.mp4,Chandrakala,1080,1920,688,11.47,60.0,39.49,113.93,0.47,True,True,True,True,True,100.0,True
12-Chandrakala\VID_20250529_161420.mp4,Chandrakala,1080,1920,334,11.13,30.0,17.09,131.37,1.2,False,True,True,True,True,100.0,True
12-Chandrakala\VID_20250529_161439.mp4,Chandrakala,1080,1920,341,11.37,30.0,17.36,130.3,0.91,False,True,True,True,True,100.0,True
12-Chandrakala\VID_20250529_161456.mp4,Chandrakala,1080,1920,346,11.53,30.0,17.34,131.92,1.18,False,True,True,True,True,100.0,True
12-Chandrakala\VID_20250529_161512.mp4,Chandrakala,1080,1920,360,12.0,30.0,17.65,132.86,1.5,False,True,True,True,True,100.0,True
12-Chandrakala\VID_20250529_161526.mp4,Chandrakala,1080,1920,372,12.4,30.0,17.86,132.43,0.8,False,True,True,True,True,100.0,True
12-Chandrakala\VID_20250529_161543.mp4,Chandrakala,1080,1920,356,11.87,30.0,18.11,133.1,1.08,True,True,True,True,True,100.0,True
13-Padmakosh\IMG_1209.mp4,Padmakosh,1080,1920,691,11.53,59.94,38.17,147.3,0.79,True,True,True,True,True,100.0,True
13-Padmakosh\IMG_1210.mp4,Padmakosh,1080,1920,692,11.54,59.94,38.79,147.12,0.7,True,True,True,True,True,100.0,True
13-Padmakosh\IMG_1211.mp4,Padmakosh,1080,1920,697,11.63,59.94,41.17,146.74,0.74,True,True,True,True,True,100.0,True
13-Padmakosh\IMG_1212.mp4,Padmakosh,1080,1920,696,11.61,59.94,42.22,146.37,0.63,True,True,True,True,True,100.0,True
13-Padmakosh\IMG_1213.mp4,Padmakosh,1080,1920,697,11.63,59.94,39.58,144.84,0.93,True,True,True,True,True,100.0,True
13-Padmakosh\IMG_1214.mp4,Padmakosh,1080,1920,688,11.48,59.94,43.11,142.91,0.76,True,True,True,True,True,100.0,True
13-Padmakosh\IMG_4687.mp4,Padmakosh,1080,1920,683,11.38,60.0,39.02,115.27,0.72,True,True,True,True,True,100.0,True
13-Padmakosh\IMG_4688.mp4,Padmakosh,1080,1920,686,11.43,60.0,36.21,114.92,0.61,True,True,True,True,True,100.0,True
13-Padmakosh\IMG_4689.mp4,Padmakosh,1080,1920,684,11.4,60.0,37.43,115.3,0.55,True,True,True,True,True,100.0,True
13-Padmakosh\IMG_4690.mp4,Padmakosh,1080,1920,683,11.38,60.0,36.32,115.8,0.6,True,True,True,True,True,100.0,True
13-Padmakosh\IMG_4691.mp4,Padmakosh,1080,1920,686,11.43,60.0,36.27,115.21,0.56,True,True,True,True,True,100.0,True
13-Padmakosh\IMG_4692.mp4,Padmakosh,1080,1920,679,11.32,60.0,36.11,115.0,0.6,True,True,True,True,True,100.0,True
13-Padmakosh\VID_20250529_161827.mp4,Padmakosh,1080,1920,175,11.67,15.0,28.38,121.56,3.38,True,True,True,True,True,100.0,True
13-Padmakosh\VID_20250529_161844.mp4,Padmakosh,1080,1920,169,11.27,15.0,27.92,122.01,2.3,True,True,True,True,True,100.0,True
13-Padmakosh\VID_20250529_161900.mp4,Padmakosh,1080,1920,171,11.4,15.0,27.58,122.33,2.08,True,True,True,True,True,100.0,True
13-Padmakosh\VID_20250529_161916.mp4,Padmakosh,1080,1920,174,11.6,15.0,28.84,123.78,1.91,True,True,True,True,True,100.0,True
13-Padmakosh\VID_20250529_161932.mp4,Padmakosh,1080,1920,169,11.27,15.0,28.7,123.83,1.96,True,True,True,True,True,100.0,True
13-Padmakosh\VID_20250529_161946.mp4,Padmakosh,1080,1920,189,12.6,15.0,28.29,123.06,2.48,True,True,True,True,True,100.0,True
13-Padmakosh\VID_20250529_162051.mp4,Padmakosh,1080,1920,174,11.6,15.0,27.34,122.57,2.87,True,True,True,True,True,100.0,True
13-Padmakosh\VID_20250529_162106.mp4,Padmakosh,1080,1920,169,11.27,15.0,26.93,120.73,3.52,True,True,True,True,True,100.0,True
13-Padmakosh\VID_20250529_162121.mp4,Padmakosh,1080,1920,173,11.53,15.0,27.64,121.44,2.77,True,True,True,True,True,100.0,True
13-Padmakosh\VID_20250529_162152.mp4,Padmakosh,1080,1920,179,11.93,15.0,28.79,122.15,2.68,True,True,True,True,True,100.0,True
13-Padmakosh\VID_20250529_162206.mp4,Padmakosh,1080,1920,197,13.13,15.0,28.15,121.48,3.28,True,True,True,True,True,100.0,True
13-Padmakosh\VID_20250529_162313.mp4,Padmakosh,1080,1920,171,11.4,15.0,26.38,121.48,3.03,True,True,True,True,True,100.0,True
13-Padmakosh\VID_20250529_162355.mp4,Padmakosh,1080,1920,182,12.13,15.0,17.63,122.98,3.26,False,True,True,True,True,100.0,True
13-Padmakosh\VID_20250529_162427.mp4,Padmakosh,1080,1920,168,11.2,15.0,19.77,125.56,2.94,True,True,True,True,True,100.0,True
13-Padmakosh\VID_20250529_162442.mp4,Padmakosh,1080,1920,195,13.0,15.0,18.78,128.61,2.95,True,True,True,True,True,100.0,True
13-Padmakosh\VID_20250529_162457.mp4,Padmakosh,1080,1920,170,11.33,15.0,19.08,125.84,2.3,True,True,True,True,True,100.0,True
13-Padmakosh\VID_20250529_162514.mp4,Padmakosh,1080,1920,171,11.4,15.0,19.09,127.27,2.5,True,True,True,True,True,100.0,True
14-Sarpashirsha\IMG_1216.mp4,Sarpashirsha,1080,1920,686,11.44,59.94,37.21,144.73,0.86,True,True,True,True,True,100.0,True
14-Sarpashirsha\IMG_1217.mp4,Sarpashirsha,1080,1920,695,11.59,59.94,36.15,144.28,0.95,True,True,True,True,True,100.0,True
14-Sarpashirsha\IMG_1220.mp4,Sarpashirsha,1080,1920,744,12.41,59.94,37.17,146.36,0.75,True,True,True,True,True,100.0,True
14-Sarpashirsha\IMG_4693.mp4,Sarpashirsha,1080,1920,680,11.33,60.0,37.74,115.45,0.57,True,True,True,True,True,100.0,True
14-Sarpashirsha\IMG_4694.mp4,Sarpashirsha,1080,1920,688,11.47,60.0,38.03,115.35,0.89,True,True,True,True,True,100.0,True
14-Sarpashirsha\IMG_4695.mp4,Sarpashirsha,1080,1920,689,11.48,60.0,38.89,115.36,0.79,True,True,True,True,True,100.0,True
14-Sarpashirsha\IMG_4696.mp4,Sarpashirsha,1080,1920,684,11.4,60.0,39.98,115.13,0.58,True,True,True,True,True,100.0,True
14-Sarpashirsha\IMG_4697.mp4,Sarpashirsha,1080,1920,686,11.43,60.0,38.48,115.42,0.63,True,True,True,True,True,100.0,True
14-Sarpashirsha\IMG_4698.mp4,Sarpashirsha,1080,1920,690,11.5,60.0,39.02,115.47,0.61,True,True,True,True,True,100.0,True
14-Sarpashirsha\VID_20250529_162313.mp4,Sarpashirsha,1080,1920,171,11.4,15.0,26.38,121.48,3.03,True,True,True,True,True,100.0,True
14-Sarpashirsha\VID_20250529_162355.mp4,Sarpashirsha,1080,1920,182,12.13,15.0,17.63,122.98,3.26,False,True,True,True,True,100.0,True
14-Sarpashirsha\VID_20250529_162427.mp4,Sarpashirsha,1080,1920,168,11.2,15.0,19.77,125.56,2.94,True,True,True,True,True,100.0,True
14-Sarpashirsha\VID_20250529_162442.mp4,Sarpashirsha,1080,1920,195,13.0,15.0,18.78,128.61,2.95,True,True,True,True,True,100.0,True
14-Sarpashirsha\VID_20250529_162457.mp4,Sarpashirsha,1080,1920,170,11.33,15.0,19.08,125.84,2.3,True,True,True,True,True,100.0,True
15-Mrigashirsha\IMG_1221.mp4,Mrigashirsha,1080,1920,699,11.66,59.94,29.61,149.78,1.32,True,True,True,True,True,100.0,True
15-Mrigashirsha\IMG_1222.mp4,Mrigashirsha,1080,1920,718,11.98,59.94,31.11,150.0,1.12,True,True,True,True,True,100.0,True
15-Mrigashirsha\IMG_1223.mp4,Mrigashirsha,1080,1920,693,11.56,59.94,32.32,150.22,1.13,True,True,True,True,True,100.0,True
15-Mrigashirsha\IMG_1224.mp4,Mrigashirsha,1080,1920,695,11.59,59.94,38.16,145.88,0.64,True,True,True,True,True,100.0,True
15-Mrigashirsha\IMG_1225.mp4,Mrigashirsha,1080,1920,687,11.46,59.94,37.57,146.97,0.64,True,True,True,True,True,100.0,True
15-Mrigashirsha\IMG_1226.mp4,Mrigashirsha,1080,1920,692,11.54,59.94,38.49,146.83,0.68,True,True,True,True,True,100.0,True
15-Mrigashirsha\IMG_4699.mp4,Mrigashirsha,1080,1920,681,11.35,60.0,35.77,115.69,0.57,True,True,True,True,True,100.0,True
15-Mrigashirsha\IMG_4700.mp4,Mrigashirsha,1080,1920,686,11.43,60.0,37.28,115.58,0.66,True,True,True,True,True,100.0,True
15-Mrigashirsha\IMG_4701.mp4,Mrigashirsha,1080,1920,686,11.43,60.0,39.58,114.54,0.6,True,True,True,True,True,100.0,True
15-Mrigashirsha\IMG_4702.mp4,Mrigashirsha,1080,1920,680,11.33,60.0,41.05,114.79,0.61,True,True,True,True,True,100.0,True
15-Mrigashirsha\IMG_4703.mp4,Mrigashirsha,1080,1920,687,11.45,60.0,41.39,114.97,0.56,True,True,True,True,True,100.0,True
15-Mrigashirsha\IMG_4704.mp4,Mrigashirsha,1080,1920,685,11.42,60.0,39.48,114.89,0.54,True,True,True,True,True,100.0,True
15-Mrigashirsha\VID_20250529_162758.mp4,Mrigashirsha,1080,1920,337,11.23,30.0,20.3,128.9,1.2,True,True,True,True,True,100.0,True
15-Mrigashirsha\VID_20250529_162815.mp4,Mrigashirsha,1080,1920,339,11.3,30.0,20.12,128.49,0.94,True,True,True,True,True,100.0,True
15-Mrigashirsha\VID_20250529_162829.mp4,Mrigashirsha,1080,1920,351,11.7,30.0,20.12,128.26,0.83,True,True,True,True,True,100.0,True
15-Mrigashirsha\VID_20250529_162844.mp4,Mrigashirsha,1080,1920,338,11.27,30.0,20.36,128.56,0.8,True,True,True,True,True,100.0,True
15-Mrigashirsha\VID_20250529_162859.mp4,Mrigashirsha,1080,1920,335,11.17,30.0,19.26,128.77,1.0,True,True,True,True,True,100.0,True
15-Mrigashirsha\VID_20250529_162915.mp4,Mrigashirsha,1080,1920,340,11.33,30.0,19.12,129.21,0.79,True,True,True,True,True,100.0,True
16-Simhamukha\IMG_1227.mp4,Simhamukha,1080,1920,738,12.31,59.94,25.41,153.66,0.87,True,True,True,True,True,100.0,True
16-Simhamukha\IMG_1228.mp4,Simhamukha,1080,1920,691,11.53,59.94,22.34,157.98,0.99,True,True,True,True,True,100.0,True
16-Simhamukha\IMG_1229.mp4,Simhamukha,1080,1920,689,11.49,59.94,25.08,154.84,0.85,True,True,True,True,True,100.0,True
16-Simhamukha\IMG_1230.mp4,Simhamukha,1080,1920,696,11.61,59.94,23.61,154.21,0.76,True,True,True,True,True,100.0,True
16-Simhamukha\IMG_1231.mp4,Simhamukha,1080,1920,688,11.48,59.94,24.36,155.76,0.75,True,True,True,True,True,100.0,True
16-Simhamukha\IMG_1232.mp4,Simhamukha,1080,1920,699,11.66,59.94,22.98,157.37,1.19,True,True,True,True,True,100.0,True
16-Simhamukha\IMG_4705.mp4,Simhamukha,1080,1920,689,11.48,60.0,39.92,117.66,0.55,True,True,True,True,True,100.0,True
16-Simhamukha\IMG_4706.mp4,Simhamukha,1080,1920,689,11.48,60.0,38.71,117.28,0.46,True,True,True,True,True,100.0,True
16-Simhamukha\IMG_4707.mp4,Simhamukha,1080,1920,665,11.08,60.0,39.29,116.89,0.54,True,True,True,True,True,100.0,True
16-Simhamukha\IMG_4708.mp4,Simhamukha,1080,1920,691,11.52,60.0,40.89,117.1,0.44,True,True,True,True,True,100.0,True
16-Simhamukha\IMG_4709.mp4,Simhamukha,1080,1920,692,11.53,60.0,41.53,117.07,0.42,True,True,True,True,True,100.0,True
16-Simhamukha\IMG_4710.mp4,Simhamukha,1080,1920,690,11.5,60.0,40.75,116.48,0.4,True,True,True,True,True,100.0,True
16-Simhamukha\VID_20250529_162758.mp4,Simhamukha,1080,1920,337,11.23,30.0,20.3,128.9,1.2,True,True,True,True,True,100.0,True
16-Simhamukha\VID_20250529_162815.mp4,Simhamukha,1080,1920,339,11.3,30.0,20.12,128.49,0.94,True,True,True,True,True,100.0,True
16-Simhamukha\VID_20250529_162829.mp4,Simhamukha,1080,1920,351,11.7,30.0,20.12,128.26,0.83,True,True,True,True,True,100.0,True
16-Simhamukha\VID_20250529_162844.mp4,Simhamukha,1080,1920,338,11.27,30.0,20.36,128.56,0.8,True,True,True,True,True,100.0,True
16-Simhamukha\VID_20250529_162859.mp4,Simhamukha,1080,1920,335,11.17,30.0,19.26,128.77,1.0,True,True,True,True,True,100.0,True
16-Simhamukha\VID_20250529_162915.mp4,Simhamukha,1080,1920,340,11.33,30.0,19.12,129.21,0.79,True,True,True,True,True,100.0,True
17-Kangula\IMG_1233.mp4,Kangula,1080,1920,691,11.53,59.94,22.99,156.88,1.2,True,True,True,True,True,100.0,True
17-Kangula\IMG_1234.mp4,Kangula,1080,1920,698,11.63,60.0,25.66,154.07,1.1,True,True,True,True,True,100.0,True
17-Kangula\IMG_1235.mp4,Kangula,1080,1920,717,11.96,59.94,26.93,149.91,0.77,True,True,True,True,True,100.0,True
17-Kangula\IMG_1236.mp4,Kangula,1080,1920,672,11.21,59.94,26.16,150.71,1.02,True,True,True,True,True,100.0,True
17-Kangula\IMG_1237.mp4,Kangula,1080,1920,690,11.51,59.94,27.79,148.76,0.91,True,True,True,True,True,100.0,True
17-Kangula\IMG_1238.mp4,Kangula,1080,1920,705,11.76,59.94,28.09,147.46,0.86,True,True,True,True,True,100.0,True
17-Kangula\IMG_4711.mp4,Kangula,1080,1920,689,11.48,60.0,43.45,120.61,0.58,True,True,True,True,True,100.0,True
17-Kangula\IMG_4712.mp4,Kangula,1080,1920,693,11.55,60.0,40.64,120.24,0.59,True,True,True,True,True,100.0,True
17-Kangula\IMG_4713.mp4,Kangula,1080,1920,693,11.55,60.0,45.2,118.13,0.61,True,True,True,True,True,100.0,True
17-Kangula\IMG_4714.mp4,Kangula,1080,1920,690,11.5,60.0,45.25,118.21,0.52,True,True,True,True,True,100.0,True
17-Kangula\IMG_4715.mp4,Kangula,1080,1920,689,11.48,60.0,44.72,118.35,0.59,True,True,True,True,True,100.0,True
17-Kangula\IMG_4716.mp4,Kangula,1080,1920,688,11.47,60.0,44.84,118.14,0.53,True,True,True,True,True,100.0,True
17-Kangula\VID_20250529_163004.mp4,Kangula,1080,1920,360,12.0,30.0,27.65,129.81,1.09,True,True,True,True,True,100.0,True
17-Kangula\VID_20250529_163047.mp4,Kangula,1080,1920,351,11.7,30.0,31.12,125.74,1.27,True,True,True,True,True,100.0,True
17-Kangula\VID_20250529_163144.mp4,Kangula,1080,1920,348,11.6,30.0,29.7,129.6,1.13,True,True,True,True,True,100.0,True
17-Kangula\VID_20250529_163159.mp4,Kangula,1080,1920,342,11.4,30.0,29.56,129.54,1.22,True,True,True,True,True,100.0,True
17-Kangula\VID_20250529_163229.mp4,Kangula,1080,1920,346,11.53,30.0,30.32,129.02,1.02,True,True,True,True,True,100.0,True
18-Alapadma\IMG_1239.mp4,Alapadma,1080,1920,701,11.68,60.0,23.11,152.83,1.19,True,True,True,True,True,100.0,True
18-Alapadma\IMG_1240.mp4,Alapadma,1080,1920,690,11.5,60.0,25.3,152.33,1.12,True,True,True,True,True,100.0,True
18-Alapadma\IMG_1241.mp4,Alapadma,1080,1920,691,11.53,59.94,25.95,150.74,1.12,True,True,True,True,True,100.0,True
18-Alapadma\IMG_1242.mp4,Alapadma,1080,1920,701,11.7,59.94,30.18,154.05,0.97,True,True,True,True,True,100.0,True
18-Alapadma\IMG_1243.mp4,Alapadma,1080,1920,703,11.73,59.94,31.43,154.31,0.66,True,True,True,True,True,100.0,True
18-Alapadma\IMG_1244.mp4,Alapadma,1080,1920,696,11.61,59.94,31.5,153.32,0.7,True,True,True,True,True,100.0,True
18-Alapadma\IMG_4717.mp4,Alapadma,1080,1920,704,11.73,60.0,46.56,117.88,0.6,True,True,True,True,True,100.0,True
18-Alapadma\IMG_4718.mp4,Alapadma,1080,1920,689,11.48,60.0,45.54,117.81,0.61,True,True,True,True,True,100.0,True
18-Alapadma\IMG_4719.mp4,Alapadma,1080,1920,691,11.52,60.0,46.78,117.7,0.55,True,True,True,True,True,100.0,True
18-Alapadma\IMG_4720.mp4,Alapadma,1080,1920,688,11.47,60.0,45.18,118.19,0.56,True,True,True,True,True,100.0,True
18-Alapadma\IMG_4721.mp4,Alapadma,1080,1920,689,11.48,60.0,44.63,118.76,0.7,True,True,True,True,True,100.0,True
18-Alapadma\IMG_4722.mp4,Alapadma,1080,1920,690,11.5,60.0,44.2,119.31,0.56,True,True,True,True,True,100.0,True
18-Alapadma\VID_20250529_163315.mp4,Alapadma,1080,1920,357,11.9,30.0,21.69,126.43,0.96,True,True,True,True,True,100.0,True
18-Alapadma\VID_20250529_163331.mp4,Alapadma,1080,1920,366,12.2,30.0,22.68,125.12,0.85,True,True,True,True,True,100.0,True
18-Alapadma\VID_20250529_163347.mp4,Alapadma,1080,1920,341,11.37,30.0,23.04,126.03,1.05,True,True,True,True,True,100.0,True
18-Alapadma\VID_20250529_163401.mp4,Alapadma,1080,1920,350,11.67,30.0,20.8,128.41,1.07,True,True,True,True,True,100.0,True
18-Alapadma\VID_20250529_163416.mp4,Alapadma,1080,1920,341,11.37,30.0,20.46,130.03,0.87,True,True,True,True,True,100.0,True
18-Alapadma\VID_20250529_163432.mp4,Alapadma,1080,1920,344,11.47,30.0,20.63,129.65,1.19,True,True,True,True,True,100.0,True
19-Chatura\IMG_1245.mp4,Chatura,1080,1920,692,11.54,59.94,35.91,149.26,0.91,True,True,True,True,True,100.0,True
19-Chatura\IMG_1246.mp4,Chatura,1080,1920,178,3.95,45.02,22.83,151.24,1.83,True,True,True,True,False,,
19-Chatura\IMG_1247.mp4,Chatura,1080,1920,691,11.53,59.94,44.26,142.12,0.79,True,True,True,True,True,100.0,True
19-Chatura\IMG_1248.mp4,Chatura,1080,1920,693,11.56,59.94,51.42,143.17,0.61,True,True,True,True,True,100.0,True
19-Chatura\IMG_1249.mp4,Chatura,1080,1920,695,11.59,59.94,48.91,145.0,0.84,True,True,True,True,True,100.0,True
19-Chatura\IMG_1250.mp4,Chatura,1080,1920,724,12.08,59.94,50.49,144.46,0.56,True,True,True,True,True,100.0,True
19-Chatura\IMG_4723.mp4,Chatura,1080,1920,690,11.5,60.0,44.99,116.97,0.52,True,True,True,True,True,100.0,True
19-Chatura\IMG_4724.mp4,Chatura,1080,1920,692,11.53,60.0,45.91,116.56,0.45,True,True,True,True,True,100.0,True
19-Chatura\IMG_4725.mp4,Chatura,1080,1920,688,11.47,60.0,45.31,113.67,0.39,True,True,True,True,True,100.0,True
19-Chatura\IMG_4726.mp4,Chatura,1080,1920,690,11.5,60.0,45.36,115.02,0.44,True,True,True,True,True,100.0,True
19-Chatura\IMG_4727.mp4,Chatura,1080,1920,675,11.25,60.0,44.85,115.12,0.41,True,True,True,True,True,100.0,True
19-Chatura\IMG_4728.mp4,Chatura,1080,1920,694,11.57,60.0,44.66,115.34,0.4,True,True,True,True,True,100.0,True
19-Chatura\VID_20250529_163557.mp4,Chatura,1080,1920,341,11.37,30.0,18.76,129.75,0.74,True,True,True,True,True,100.0,True
19-Chatura\VID_20250529_164629.mp4,Chatura,1080,1920,177,11.8,15.0,24.85,133.26,1.13,True,True,True,True,True,100.0,True
19-Chatura\VID_20250529_164643.mp4,Chatura,1080,1920,174,11.6,15.0,25.58,132.22,1.2,True,True,True,True,True,100.0,True
19-Chatura\VID_20250529_164657.mp4,Chatura,1080,1920,170,11.33,15.0,25.81,132.18,1.54,True,True,True,True,True,100.0,True
19-Chatura\VID_20250529_164713.mp4,Chatura,1080,1920,177,11.8,15.0,26.15,132.31,1.24,True,True,True,True,True,100.0,True
2-Kartarimukh\IMG_1140.mp4,Kartarimukh,1080,1920,342,11.4,30.0,35.89,115.89,0.75,True,True,True,True,True,100.0,True
2-Kartarimukh\IMG_1141.mp4,Kartarimukh,1080,1920,349,11.63,30.0,35.73,118.47,0.68,True,True,True,True,True,100.0,True
2-Kartarimukh\IMG_1142.mp4,Kartarimukh,1080,1920,690,11.51,59.94,42.44,147.69,0.31,True,True,True,True,True,100.0,True
2-Kartarimukh\IMG_1144.mp4,Kartarimukh,1080,1920,345,11.5,30.0,35.42,116.86,0.67,True,True,True,True,True,100.0,True
2-Kartarimukh\IMG_1145.mp4,Kartarimukh,1080,1920,346,11.53,30.0,32.79,117.94,0.75,True,True,True,True,True,100.0,True
2-Kartarimukh\IMG_1146.mp4,Kartarimukh,1080,1920,354,11.8,30.0,35.6,116.84,0.58,True,True,True,True,True,100.0,True
2-Kartarimukh\IMG_3898.mp4,Kartarimukh,1080,1920,673,11.23,59.94,51.11,123.5,0.6,True,True,True,True,True,100.0,True
2-Kartarimukh\IMG_3899.mp4,Kartarimukh,1080,1920,666,11.11,59.94,51.71,125.11,0.55,True,True,True,True,True,100.0,True
2-Kartarimukh\IMG_3900.mp4,Kartarimukh,1080,1920,674,11.24,59.94,50.86,123.31,0.54,True,True,True,True,True,100.0,True
2-Kartarimukh\IMG_3902.mp4,Kartarimukh,1080,1920,678,11.31,59.94,50.31,124.1,0.62,True,True,True,True,True,100.0,True
2-Kartarimukh\IMG_3903.mp4,Kartarimukh,1080,1920,679,11.33,59.94,48.94,124.52,0.75,True,True,True,True,True,100.0,True
2-Kartarimukh\IMG_3904.mp4,Kartarimukh,1080,1920,667,11.13,59.94,49.65,123.89,0.52,True,True,True,True,True,100.0,True
2-Kartarimukh\IMG_4619.mp4,Kartarimukh,1080,1920,683,11.38,60.0,39.78,116.23,0.62,True,True,True,True,True,100.0,True
2-Kartarimukh\IMG_4620.mp4,Kartarimukh,1080,1920,681,11.35,60.0,43.15,116.74,0.56,True,True,True,True,True,100.0,True
2-Kartarimukh\IMG_4621.mp4,Kartarimukh,1080,1920,681,11.35,60.0,42.39,115.87,0.51,True,True,True,True,True,100.0,True
2-Kartarimukh\IMG_4623.mp4,Kartarimukh,1080,1920,682,11.37,60.0,41.74,115.81,0.48,True,True,True,True,True,100.0,True
2-Kartarimukh\IMG_4624.mp4,Kartarimukh,1080,1920,691,11.52,60.0,38.61,114.88,0.67,True,True,True,True,True,100.0,True
2-Kartarimukh\IMG_4625.mp4,Kartarimukh,1080,1920,685,11.42,60.0,39.51,115.24,0.58,True,True,True,True,True,100.0,True
2-Kartarimukh\VID_20250529_153813.mp4,Kartarimukh,1080,1920,386,12.87,30.0,17.46,130.27,1.3,False,True,True,True,True,100.0,True
2-Kartarimukh\VID_20250529_153839.mp4,Kartarimukh,1080,1920,349,11.63,30.0,14.58,128.76,1.08,False,True,True,True,True,100.0,True
2-Kartarimukh\VID_20250529_153859.mp4,Kartarimukh,1080,1920,271,9.03,30.0,15.74,130.19,1.19,False,True,True,True,True,100.0,True
2-Kartarimukh\VID_20250529_153955.mp4,Kartarimukh,1080,1920,346,11.53,30.0,10.33,130.32,1.54,False,True,True,True,True,100.0,True
2-Kartarimukh\VID_20250529_154017.mp4,Kartarimukh,1080,1920,381,12.7,30.0,9.26,130.3,0.9,False,True,True,True,True,100.0,True
2-Kartarimukh\VID_20250529_154038.mp4,Kartarimukh,1080,1920,341,11.37,30.0,9.17,128.71,0.99,False,True,True,True,True,100.0,True
20-Bhramara\IMG_1254.mp4,Bhramara,1080,1920,695,11.59,59.94,27.79,138.46,1.32,True,True,True,True,True,100.0,True
20-Bhramara\IMG_1255.mp4,Bhramara,1080,1920,631,10.52,60.0,73.15,142.28,1.06,True,True,True,True,True,100.0,True
20-Bhramara\IMG_1256.mp4,Bhramara,1080,1920,689,11.48,60.0,85.88,141.5,1.14,True,True,True,True,True,100.0,True
20-Bhramara\IMG_1257.mp4,Bhramara,1080,1920,685,11.42,60.0,96.53,141.24,0.86,True,True,True,True,True,100.0,True
20-Bhramara\IMG_1258.mp4,Bhramara,1080,1920,696,11.6,60.0,66.77,142.66,0.77,True,True,True,True,True,100.0,True
20-Bhramara\IMG_1259.mp4,Bhramara,1080,1920,686,11.43,60.0,88.36,142.41,0.88,True,True,True,True,True,100.0,True
20-Bhramara\IMG_4730.mp4,Bhramara,1080,1920,683,11.39,59.94,64.48,105.42,0.74,True,True,True,True,True,100.0,True
20-Bhramara\IMG_4731.mp4,Bhramara,1080,1920,684,11.41,59.94,63.05,104.96,0.86,True,True,True,True,True,100.0,True
20-Bhramara\IMG_4732.mp4,Bhramara,1080,1920,673,11.23,59.94,63.57,106.11,0.95,True,True,True,True,True,100.0,True
20-Bhramara\IMG_4733.mp4,Bhramara,1080,1920,683,11.39,59.94,64.68,106.43,0.76,True,True,True,True,True,100.0,True
20-Bhramara\IMG_4734.mp4,Bhramara,1080,1920,685,11.43,59.94,66.01,103.83,0.76,True,True,True,True,True,100.0,True
20-Bhramara\IMG_4735.mp4,Bhramara,1080,1920,683,11.39,59.94,65.3,102.29,0.74,True,True,True,True,True,100.0,True
20-Bhramara\IMG_6382.mp4,Bhramara,1080,1920,687,11.45,60.0,138.83,154.17,0.56,True,True,True,True,True,100.0,True
20-Bhramara\IMG_6383.mp4,Bhramara,1080,1920,639,10.65,60.0,130.7,153.67,0.82,True,True,True,True,True,100.0,True
20-Bhramara\IMG_6384.mp4,Bhramara,1080,1920,670,11.17,60.0,126.34,155.13,0.91,True,True,True,True,True,100.0,True
20-Bhramara\IMG_6385.mp4,Bhramara,1080,1920,685,11.42,60.0,125.21,154.95,0.79,True,True,True,True,True,100.0,True
20-Bhramara\IMG_6386.mp4,Bhramara,1080,1920,687,11.45,60.0,124.49,154.53,0.69,True,True,True,True,True,100.0,True
20-Bhramara\IMG_6387.mp4,Bhramara,1080,1920,684,11.4,60.0,123.95,154.28,0.8,True,True,True,True,True,100.0,True
20-Bhramara\VID_20250530_150820.mp4,Bhramara,1080,1920,344,11.47,30.0,19.75,115.26,2.38,True,True,True,True,True,100.0,True
20-Bhramara\VID_20250530_150845.mp4,Bhramara,1080,1920,338,11.27,30.0,20.89,113.83,1.26,True,True,True,True,True,100.0,True
20-Bhramara\VID_20250530_150914.mp4,Bhramara,1080,1920,333,11.1,30.0,20.39,117.0,1.27,True,True,True,True,True,100.0,True
20-Bhramara\VID_20250530_150931.mp4,Bhramara,1080,1920,350,11.67,30.0,21.04,116.89,1.15,True,True,True,True,True,100.0,True
20-Bhramara\VID_20250530_150948.mp4,Bhramara,1080,1920,363,12.1,30.0,20.77,115.07,1.24,True,True,True,True,True,100.0,True
20-Bhramara\VID_20250530_151005.mp4,Bhramara,1080,1920,340,11.33,30.0,20.74,115.43,1.16,True,True,True,True,True,100.0,True
21-Hamsasya\IMG_1260.mp4,Hamsasya,1080,1920,679,11.32,60.0,90.95,139.03,1.1,True,True,True,True,True,100.0,True
21-Hamsasya\IMG_1261.mp4,Hamsasya,1080,1920,687,11.45,60.0,78.66,140.26,1.02,True,True,True,True,True,100.0,True
21-Hamsasya\IMG_1262.mp4,Hamsasya,1080,1920,693,11.56,59.94,73.53,142.02,1.03,True,True,True,True,True,100.0,True
21-Hamsasya\IMG_1263.mp4,Hamsasya,1080,1920,690,11.5,60.0,74.86,140.07,0.99,True,True,True,True,True,100.0,True
21-Hamsasya\IMG_1264.mp4,Hamsasya,1080,1920,691,11.53,59.94,75.63,138.53,0.96,True,True,True,True,True,100.0,True
21-Hamsasya\IMG_1265.mp4,Hamsasya,1080,1920,695,11.59,59.94,55.63,144.09,1.43,True,True,True,True,True,100.0,True
21-Hamsasya\IMG_4736.mp4,Hamsasya,1080,1920,677,11.29,59.94,64.1,101.68,0.74,True,True,True,True,True,100.0,True
21-Hamsasya\IMG_4737.mp4,Hamsasya,1080,1920,689,11.49,59.94,64.56,100.96,0.98,True,True,True,True,True,100.0,True
21-Hamsasya\IMG_4738.mp4,Hamsasya,1080,1920,684,11.41,59.94,64.23,100.35,0.88,True,True,True,True,True,100.0,True
21-Hamsasya\IMG_4739.mp4,Hamsasya,1080,1920,687,11.46,59.94,69.74,97.43,0.85,True,True,True,True,True,100.0,True
21-Hamsasya\IMG_4740.mp4,Hamsasya,1080,1920,685,11.43,59.94,70.25,97.71,0.88,True,True,True,True,True,100.0,True
21-Hamsasya\IMG_4741.mp4,Hamsasya,1080,1920,687,11.46,59.94,69.66,96.97,0.85,True,True,True,True,True,100.0,True
21-Hamsasya\VID_20250530_151157.mp4,Hamsasya,1080,1920,173,11.53,15.0,18.91,115.14,2.45,True,True,True,True,True,100.0,True
21-Hamsasya\VID_20250530_151227.mp4,Hamsasya,1080,1920,168,11.2,15.0,22.65,116.01,1.88,True,True,True,True,True,100.0,True
21-Hamsasya\VID_20250530_151244.mp4,Hamsasya,1080,1920,173,11.53,15.0,22.77,115.43,1.95,True,True,True,True,True,100.0,True
21-Hamsasya\VID_20250530_151300.mp4,Hamsasya,1080,1920,170,11.33,15.0,22.82,114.06,2.13,True,True,True,True,True,100.0,True
21-Hamsasya\VID_20250530_151315.mp4,Hamsasya,1080,1920,177,11.8,15.0,23.0,114.16,2.58,True,True,True,True,True,100.0,True
21-Hamsasya\VID_20250530_151333.mp4,Hamsasya,1080,1920,173,11.53,15.0,22.71,116.03,2.11,True,True,True,True,True,100.0,True
22-Hamsapkshaka\IMG_1267.mp4,Hamsapkshaka,1080,1920,701,11.68,60.0,67.12,142.33,1.05,True,True,True,True,True,100.0,True
22-Hamsapkshaka\IMG_1268.mp4,Hamsapkshaka,1080,1920,689,11.48,60.0,57.68,138.22,1.11,True,True,True,True,True,100.0,True
22-Hamsapkshaka\IMG_1269.mp4,Hamsapkshaka,1080,1920,668,11.14,59.94,49.4,140.64,0.78,True,True,True,True,True,100.0,True
22-Hamsapkshaka\IMG_1270.mp4,Hamsapkshaka,1080,1920,700,11.68,59.94,69.36,140.08,0.86,True,True,True,True,True,100.0,True
22-Hamsapkshaka\IMG_1271.mp4,Hamsapkshaka,1080,1920,692,11.53,60.0,90.92,137.72,1.62,True,True,True,True,True,100.0,True
22-Hamsapkshaka\IMG_1272.mp4,Hamsapkshaka,1080,1920,686,11.43,60.0,75.33,138.41,1.24,True,True,True,True,True,100.0,True
22-Hamsapkshaka\IMG_4742.mp4,Hamsapkshaka,1080,1920,672,11.21,59.94,61.39,100.7,0.7,True,True,True,True,True,100.0,True
22-Hamsapkshaka\IMG_4743.mp4,Hamsapkshaka,1080,1920,684,11.41,59.94,62.46,100.49,0.75,True,True,True,True,True,100.0,True
22-Hamsapkshaka\IMG_4744.mp4,Hamsapkshaka,1080,1920,685,11.43,59.94,62.12,100.36,0.68,True,True,True,True,True,100.0,True
22-Hamsapkshaka\IMG_4745.mp4,Hamsapkshaka,1080,1920,685,11.43,59.94,61.57,99.91,0.63,True,True,True,True,True,100.0,True
22-Hamsapkshaka\IMG_4746.mp4,Hamsapkshaka,1080,1920,691,11.53,59.94,61.99,100.54,0.68,True,True,True,True,True,100.0,True
22-Hamsapkshaka\IMG_4747.mp4,Hamsapkshaka,1080,1920,682,11.38,59.94,61.47,100.67,0.63,True,True,True,True,True,100.0,True
22-Hamsapkshaka\IMG_6399.mp4,Hamsapkshaka,1080,1920,689,11.48,60.0,123.1,152.99,0.89,True,True,True,True,True,100.0,True
22-Hamsapkshaka\IMG_6400.mp4,Hamsapkshaka,1080,1920,671,11.18,60.0,122.99,153.14,0.76,True,True,True,True,True,100.0,True
22-Hamsapkshaka\IMG_6401.mp4,Hamsapkshaka,1080,1920,688,11.47,60.0,120.12,153.12,0.84,True,True,True,True,True,100.0,True
22-Hamsapkshaka\IMG_6402.mp4,Hamsapkshaka,1080,1920,680,11.33,60.0,122.83,152.94,0.72,True,True,True,True,True,100.0,True
22-Hamsapkshaka\VID_20250530_151431.mp4,Hamsapkshaka,1080,1920,171,11.4,15.0,25.37,114.53,3.52,True,True,True,True,True,100.0,True
22-Hamsapkshaka\VID_20250530_151459.mp4,Hamsapkshaka,1080,1920,170,11.33,15.0,23.49,117.72,1.73,True,True,True,True,True,100.0,True
22-Hamsapkshaka\VID_20250530_151514.mp4,Hamsapkshaka,1080,1920,171,11.4,15.0,23.34,114.72,1.89,True,True,True,True,True,100.0,True
22-Hamsapkshaka\VID_20250530_151531.mp4,Hamsapkshaka,1080,1920,174,11.6,15.0,23.06,115.41,1.67,True,True,True,True,True,100.0,True
22-Hamsapkshaka\VID_20250530_151547.mp4,Hamsapkshaka,1080,1920,171,11.4,15.0,22.9,117.69,1.68,True,True,True,True,True,100.0,True
22-Hamsapkshaka\VID_20250530_151602.mp4,Hamsapkshaka,1080,1920,171,11.4,15.0,22.55,115.83,1.55,True,True,True,True,True,100.0,True
23-Sandamsha\IMG_1274.mp4,Sandamsha,1080,1920,686,11.44,59.94,81.4,145.37,1.02,True,True,True,True,True,100.0,True
23-Sandamsha\IMG_1275.mp4,Sandamsha,1080,1920,686,11.43,60.0,88.01,143.83,1.01,True,True,True,True,True,100.0,True
23-Sandamsha\IMG_1276.mp4,Sandamsha,1080,1920,689,11.49,59.94,44.33,142.38,0.97,True,True,True,True,True,100.0,True
23-Sandamsha\IMG_1277.mp4,Sandamsha,1080,1920,688,11.48,59.94,27.63,145.9,0.67,True,True,True,True,True,100.0,True
23-Sandamsha\IMG_1278.mp4,Sandamsha,1080,1920,706,11.77,60.0,74.28,145.25,0.72,True,True,True,True,True,100.0,True
23-Sandamsha\IMG_1280.mp4,Sandamsha,1080,1920,698,11.64,59.94,52.5,145.71,0.89,True,True,True,True,True,100.0,True
23-Sandamsha\IMG_4748.mp4,Sandamsha,1080,1920,685,11.43,59.94,65.7,98.17,0.83,True,True,True,True,True,100.0,True
23-Sandamsha\IMG_4749.mp4,Sandamsha,1080,1920,684,11.41,59.94,66.17,97.11,0.77,True,True,True,True,True,100.0,True
23-Sandamsha\IMG_4750.mp4,Sandamsha,1080,1920,686,11.44,59.94,65.41,97.62,0.67,True,True,True,True,True,100.0,True
23-Sandamsha\IMG_4751.mp4,Sandamsha,1080,1920,689,11.49,59.94,65.86,97.65,0.7,True,True,True,True,True,100.0,True
23-Sandamsha\IMG_4752.mp4,Sandamsha,1080,1920,684,11.41,59.94,65.16,97.92,0.65,True,True,True,True,True,100.0,True
23-Sandamsha\IMG_4754.mp4,Sandamsha,1080,1920,687,11.46,59.94,62.06,102.28,0.8,True,True,True,True,True,100.0,True
23-Sandamsha\IMG_6404.mp4,Sandamsha,1080,1920,670,11.17,60.0,121.27,152.77,0.9,True,True,True,True,True,100.0,True
23-Sandamsha\IMG_6405.mp4,Sandamsha,1080,1920,680,11.33,60.0,120.25,153.08,1.0,True,True,True,True,True,100.0,True
23-Sandamsha\IMG_6406.mp4,Sandamsha,1080,1920,679,11.32,60.0,121.01,153.64,0.74,True,True,True,True,True,100.0,True
23-Sandamsha\IMG_6407.mp4,Sandamsha,1080,1920,683,11.38,60.0,120.74,153.26,0.8,True,True,True,True,True,100.0,True
23-Sandamsha\IMG_6408.mp4,Sandamsha,1080,1920,687,11.45,60.0,122.69,153.02,0.6,True,True,True,True,True,100.0,True
23-Sandamsha\IMG_6410.mp4,Sandamsha,1080,1920,686,11.43,60.0,120.3,154.23,0.92,True,True,True,True,True,100.0,True
23-Sandamsha\VID_20250530_151711.mp4,Sandamsha,1080,1920,176,11.73,15.0,20.81,120.16,3.22,True,True,True,True,True,100.0,True
23-Sandamsha\VID_20250530_151727.mp4,Sandamsha,1080,1920,180,12.0,15.0,20.25,117.31,2.37,True,True,True,True,True,100.0,True
23-Sandamsha\VID_20250530_151742.mp4,Sandamsha,1080,1920,174,11.6,15.0,20.29,117.84,1.55,True,True,True,True,True,100.0,True
23-Sandamsha\VID_20250530_151756.mp4,Sandamsha,1080,1920,171,11.4,15.0,19.88,118.56,1.34,True,True,True,True,True,100.0,True
23-Sandamsha\VID_20250530_151812.mp4,Sandamsha,1080,1920,176,11.73,15.0,19.64,118.56,1.48,True,True,True,True,True,100.0,True
23-Sandamsha\VID_20250530_151859.mp4,Sandamsha,1080,1920,341,11.37,30.0,21.84,116.65,1.26,True,True,True,True,True,100.0,True
24-Mukula\IMG_1282.mp4,Mukula,1080,1920,688,11.47,60.0,97.14,144.22,0.87,True,True,True,True,True,100.0,True
24-Mukula\IMG_1283.mp4,Mukula,1080,1920,686,11.43,60.0,47.63,145.77,1.01,True,True,True,True,True,100.0,True
24-Mukula\IMG_1284.mp4,Mukula,1080,1920,688,11.47,60.0,96.61,143.26,0.83,True,True,True,True,True,100.0,True
24-Mukula\IMG_1285.mp4,Mukula,1080,1920,679,11.32,60.0,96.25,141.94,0.68,True,True,True,True,True,100.0,True
24-Mukula\IMG_1286.mp4,Mukula,1080,1920,686,11.43,60.0,97.5,142.73,0.74,True,True,True,True,True,100.0,True
24-Mukula\IMG_1287.mp4,Mukula,1080,1920,689,11.48,60.0,100.79,140.37,0.62,True,True,True,True,True,100.0,True
24-Mukula\IMG_4755.mp4,Mukula,1080,1920,688,11.48,59.94,62.33,102.51,0.72,True,True,True,True,True,100.0,True
24-Mukula\IMG_4756.mp4,Mukula,1080,1920,693,11.56,59.94,62.66,101.84,0.66,True,True,True,True,True,100.0,True
24-Mukula\IMG_4757.mp4,Mukula,1080,1920,683,11.39,59.94,62.7,101.73,0.64,True,True,True,True,True,100.0,True
24-Mukula\IMG_4758.mp4,Mukula,1080,1920,675,11.26,59.94,62.26,100.91,0.67,True,True,True,True,True,100.0,True
24-Mukula\IMG_4759.mp4,Mukula,1080,1920,683,11.39,59.94,62.26,100.18,0.61,True,True,True,True,True,100.0,True
24-Mukula\IMG_4760.mp4,Mukula,1080,1920,683,11.39,59.94,62.09,99.92,0.61,True,True,True,True,True,100.0,True
24-Mukula\VID_20250530_151953.mp4,Mukula,1080,1920,175,11.67,15.0,20.69,113.63,3.6,True,True,True,True,True,100.0,True
24-Mukula\VID_20250530_152008.mp4,Mukula,1080,1920,172,11.47,15.0,19.06,116.43,3.97,True,True,True,True,True,100.0,True
24-Mukula\VID_20250530_152025.mp4,Mukula,1080,1920,172,11.47,15.0,19.44,115.77,2.01,True,True,True,True,True,100.0,True
24-Mukula\VID_20250530_152039.mp4,Mukula,1080,1920,173,11.53,15.0,18.56,114.49,2.2,True,True,True,True,True,100.0,True
24-Mukula\VID_20250530_152055.mp4,Mukula,1080,1920,174,11.6,15.0,18.16,115.07,2.61,True,True,True,True,True,100.0,True
24-Mukula\VID_20250530_152111.mp4,Mukula,1080,1920,179,11.93,15.0,17.7,112.55,2.46,False,True,True,True,True,100.0,True
24-Mukula\VID_20250530_152154.mp4,Mukula,1080,1920,175,11.67,15.0,27.16,116.68,1.93,True,True,True,True,True,100.0,True
24-Mukula\VID_20250530_152209.mp4,Mukula,1080,1920,171,11.4,15.0,26.63,117.86,1.7,True,True,True,True,True,100.0,True
24-Mukula\VID_20250530_152224.mp4,Mukula,1080,1920,177,11.8,15.0,28.11,116.56,2.01,True,True,True,True,True,100.0,True
24-Mukula\VID_20250530_152240.mp4,Mukula,1080,1920,178,11.87,15.0,27.51,117.34,1.91,True,True,True,True,True,100.0,True
24-Mukula\VID_20250530_152256.mp4,Mukula,1080,1920,171,11.4,15.0,26.66,116.29,1.76,True,True,True,True,True,100.0,True
24-Mukula\VID_20250530_152312.mp4,Mukula,1080,1920,185,12.33,15.0,27.43,114.77,1.99,True,True,True,True,True,100.0,True
25-Taamrachuda\IMG_1289.mp4,Taamrachuda,1080,1920,688,11.47,60.0,89.72,146.96,0.98,True,True,True,True,True,100.0,True
25-Taamrachuda\IMG_1290.mp4,Taamrachuda,1080,1920,695,11.58,60.0,94.52,147.13,0.74,True,True,True,True,True,100.0,True
25-Taamrachuda\IMG_1291.mp4,Taamrachuda,1080,1920,686,11.43,60.0,83.55,142.12,1.21,True,True,True,True,True,100.0,True
25-Taamrachuda\IMG_1292.mp4,Taamrachuda,1080,1920,687,11.46,59.94,49.56,142.5,1.3,True,True,True,True,True,100.0,True
25-Taamrachuda\IMG_1293.mp4,Taamrachuda,1080,1920,702,11.7,60.0,91.42,139.79,1.05,True,True,True,True,True,100.0,True
25-Taamrachuda\IMG_1294.mp4,Taamrachuda,1080,1920,691,11.52,60.0,91.75,139.21,1.09,True,True,True,True,True,100.0,True
25-Taamrachuda\IMG_4761.mp4,Taamrachuda,1080,1920,685,11.43,59.94,63.51,99.27,0.75,True,True,True,True,True,100.0,True
25-Taamrachuda\IMG_4762.mp4,Taamrachuda,1080,1920,683,11.39,59.94,63.83,99.26,0.67,True,True,True,True,True,100.0,True
25-Taamrachuda\IMG_4763.mp4,Taamrachuda,1080,1920,687,11.46,59.94,62.9,99.02,0.67,True,True,True,True,True,100.0,True
25-Taamrachuda\IMG_4764.mp4,Taamrachuda,1080,1920,683,11.39,59.94,63.3,99.3,0.66,True,True,True,True,True,100.0,True
25-Taamrachuda\IMG_4765.mp4,Taamrachuda,1080,1920,687,11.46,59.94,63.4,99.28,0.61,True,True,True,True,True,100.0,True
25-Taamrachuda\IMG_4766.mp4,Taamrachuda,1080,1920,682,11.38,59.94,62.67,99.17,0.6,True,True,True,True,True,100.0,True
26-Trishula\IMG_1296.mp4,Trishula,1080,1920,690,11.5,60.0,89.26,137.25,1.02,True,True,True,True,True,100.0,True
26-Trishula\IMG_1297.mp4,Trishula,1080,1920,693,11.55,60.0,89.59,139.99,1.51,True,True,True,True,True,100.0,True
26-Trishula\IMG_1298.mp4,Trishula,1080,1920,685,11.42,60.0,97.74,141.78,1.03,True,True,True,True,True,100.0,True
26-Trishula\IMG_1299.mp4,Trishula,1080,1920,694,11.57,60.0,82.02,145.72,1.18,True,True,True,True,True,100.0,True
26-Trishula\IMG_1300.mp4,Trishula,1080,1920,676,11.27,60.0,90.99,144.53,0.86,True,True,True,True,True,100.0,True
26-Trishula\IMG_1301.mp4,Trishula,1080,1920,693,11.55,60.0,87.64,143.41,1.36,True,True,True,True,True,100.0,True
26-Trishula\IMG_4767.mp4,Trishula,1080,1920,685,11.43,59.94,62.78,100.75,0.71,True,True,True,True,True,100.0,True
26-Trishula\IMG_4768.mp4,Trishula,1080,1920,685,11.43,59.94,63.63,100.48,0.68,True,True,True,True,True,100.0,True
26-Trishula\IMG_4769.mp4,Trishula,1080,1920,685,11.43,59.94,63.26,101.14,0.63,True,True,True,True,True,100.0,True
26-Trishula\IMG_4770.mp4,Trishula,1080,1920,685,11.43,59.94,63.62,100.91,0.67,True,True,True,True,True,100.0,True
26-Trishula\IMG_4771.mp4,Trishula,1080,1920,686,11.44,59.94,62.9,100.96,0.64,True,True,True,True,True,100.0,True
26-Trishula\IMG_4772.mp4,Trishula,1080,1920,686,11.44,59.94,63.45,101.38,0.68,True,True,True,True,True,100.0,True
26-Trishula\IMG_6426.mp4,Trishula,1080,1920,689,11.48,60.0,117.41,156.03,0.95,True,True,True,True,True,100.0,True
26-Trishula\IMG_6427.mp4,Trishula,1080,1920,696,11.6,60.0,112.24,156.91,0.93,True,True,True,True,True,100.0,True
26-Trishula\IMG_6428.mp4,Trishula,1080,1920,690,11.5,60.0,114.96,156.65,0.8,True,True,True,True,True,100.0,True
26-Trishula\IMG_6429.mp4,Trishula,1080,1920,690,11.5,60.0,118.76,155.52,0.7,True,True,True,True,True,100.0,True
26-Trishula\IMG_6430.mp4,Trishula,1080,1920,686,11.43,60.0,118.52,155.43,0.72,True,True,True,True,True,100.0,True
26-Trishula\IMG_6431.mp4,Trishula,1080,1920,670,11.17,60.0,118.9,155.22,0.83,True,True,True,True,True,100.0,True
26-Trishula\VID_20250530_152359.mp4,Trishula,1080,1920,175,11.67,15.0,28.63,115.17,3.22,True,True,True,True,True,100.0,True
26-Trishula\VID_20250530_152415.mp4,Trishula,1080,1920,176,11.73,15.0,28.69,115.74,1.88,True,True,True,True,True,100.0,True
26-Trishula\VID_20250530_152430.mp4,Trishula,1080,1920,177,11.8,15.0,28.52,116.97,1.97,True,True,True,True,True,100.0,True
26-Trishula\VID_20250530_152445.mp4,Trishula,1080,1920,167,11.13,15.0,28.92,113.81,2.1,True,True,True,True,True,100.0,True
26-Trishula\VID_20250530_152501.mp4,Trishula,1080,1920,175,11.67,15.0,28.49,114.45,1.91,True,True,True,True,True,100.0,True
26-Trishula\VID_20250530_152517.mp4,Trishula,1080,1920,167,11.13,15.0,28.25,113.99,1.82,True,True,True,True,True,100.0,True
3-Mayura\IMG_1147.mp4,Mayura,1080,1920,348,11.6,30.0,30.71,149.23,1.03,True,True,True,True,True,100.0,True
3-Mayura\IMG_1148.mp4,Mayura,1080,1920,343,11.43,30.0,33.69,148.42,0.96,True,True,True,True,True,100.0,True
3-Mayura\IMG_1149.mp4,Mayura,1080,1920,343,11.43,30.0,32.92,149.58,0.96,True,True,True,True,True,100.0,True
3-Mayura\IMG_1150.mp4,Mayura,1080,1920,332,11.07,30.0,36.24,147.74,0.84,True,True,True,True,True,100.0,True
3-Mayura\IMG_1151.mp4,Mayura,1080,1920,344,11.47,30.0,36.6,147.3,0.66,True,True,True,True,True,100.0,True
3-Mayura\IMG_1152.mp4,Mayura,1080,1920,353,11.77,30.0,37.34,147.61,0.75,True,True,True,True,True,100.0,True
3-Mayura\IMG_3905.mp4,Mayura,1080,1920,673,11.23,59.94,51.05,124.71,0.5,True,True,True,True,True,100.0,True
3-Mayura\IMG_3906.mp4,Mayura,1080,1920,685,11.43,59.94,49.73,124.64,0.53,True,True,True,True,True,100.0,True
3-Mayura\IMG_3907.mp4,Mayura,1080,1920,680,11.34,59.94,50.06,124.3,0.41,True,True,True,True,True,100.0,True
3-Mayura\IMG_3908.mp4,Mayura,1080,1920,672,11.21,59.94,49.86,123.87,0.4,True,True,True,True,True,100.0,True
3-Mayura\IMG_3909.mp4,Mayura,1080,1920,674,11.24,59.94,51.4,124.39,0.38,True,True,True,True,True,100.0,True
3-Mayura\IMG_3910.mp4,Mayura,1080,1920,672,11.21,59.94,50.3,124.47,0.52,True,True,True,True,True,100.0,True
3-Mayura\IMG_4626.mp4,Mayura,1080,1920,684,11.4,60.0,39.3,116.65,0.53,True,True,True,True,True,100.0,True
3-Mayura\IMG_4627.mp4,Mayura,1080,1920,686,11.43,60.0,39.75,115.43,0.56,True,True,True,True,True,100.0,True
3-Mayura\IMG_4628.mp4,Mayura,1080,1920,675,11.25,60.0,39.92,115.03,0.51,True,True,True,True,True,100.0,True
3-Mayura\IMG_4629.mp4,Mayura,1080,1920,683,11.38,60.0,39.97,115.0,0.49,True,True,True,True,True,100.0,True
3-Mayura\IMG_4630.mp4,Mayura,1080,1920,686,11.43,60.0,39.14,114.98,0.52,True,True,True,True,True,100.0,True
3-Mayura\IMG_4631.mp4,Mayura,1080,1920,683,11.38,60.0,39.42,115.0,0.52,True,True,True,True,True,100.0,True
3-Mayura\VID_20250529_154201.mp4,Mayura,1080,1920,346,11.53,30.0,20.11,128.53,1.76,True,True,True,True,True,100.0,True
3-Mayura\VID_20250529_154221.mp4,Mayura,1080,1920,331,11.03,30.0,21.43,129.14,1.21,True,True,True,True,True,100.0,True
3-Mayura\VID_20250529_154241.mp4,Mayura,1080,1920,334,11.13,30.0,22.12,128.45,1.1,True,True,True,True,True,100.0,True
3-Mayura\VID_20250529_154300.mp4,Mayura,1080,1920,338,11.27,30.0,21.3,128.93,1.18,True,True,True,True,True,100.0,True
3-Mayura\VID_20250529_154317.mp4,Mayura,1080,1920,353,11.77,30.0,20.37,128.71,1.42,True,True,True,True,True,100.0,True
3-Mayura\VID_20250529_154336.mp4,Mayura,1080,1920,342,11.4,30.0,20.21,129.6,1.2,True,True,True,True,True,100.0,True
4-Aardhchandra\IMG_1153.mp4,Aardhchandra,1080,1920,346,11.53,30.0,29.49,148.28,1.03,True,True,True,True,True,100.0,True
4-Aardhchandra\IMG_1154.mp4,Aardhchandra,1080,1920,351,11.7,30.0,31.03,149.5,0.89,True,True,True,True,True,100.0,True
4-Aardhchandra\IMG_1155.mp4,Aardhchandra,1080,1920,345,11.5,30.0,31.0,150.48,0.69,True,True,True,True,True,100.0,True
4-Aardhchandra\IMG_1156.mp4,Aardhchandra,1080,1920,343,11.43,30.0,33.49,149.99,0.7,True,True,True,True,True,100.0,True
4-Aardhchandra\IMG_1157.mp4,Aardhchandra,1080,1920,342,11.4,30.0,34.95,149.45,0.79,True,True,True,True,True,100.0,True
4-Aardhchandra\IMG_1158.mp4,Aardhchandra,1080,1920,342,11.4,30.0,30.16,149.59,0.84,True,True,True,True,True,100.0,True
4-Aardhchandra\IMG_3911.mp4,Aardhchandra,1080,1920,683,11.39,59.94,50.85,125.8,0.54,True,True,True,True,True,100.0,True
4-Aardhchandra\IMG_3912.mp4,Aardhchandra,1080,1920,677,11.29,59.94,51.52,125.0,0.43,True,True,True,True,True,100.0,True
4-Aardhchandra\IMG_3913.mp4,Aardhchandra,1080,1920,685,11.43,59.94,51.97,124.94,0.45,True,True,True,True,True,100.0,True
4-Aardhchandra\IMG_3914.mp4,Aardhchandra,1080,1920,680,11.34,59.94,51.32,125.03,0.4,True,True,True,True,True,100.0,True
4-Aardhchandra\IMG_3915.mp4,Aardhchandra,1080,1920,673,11.23,59.94,50.66,125.51,0.57,True,True,True,True,True,100.0,True
4-Aardhchandra\IMG_3916.mp4,Aardhchandra,1080,1920,679,11.33,59.94,51.13,125.34,0.46,True,True,True,True,True,100.0,True
4-Aardhchandra\IMG_4632.mp4,Aardhchandra,1080,1920,686,11.43,60.0,40.58,116.18,0.66,True,True,True,True,True,100.0,True
4-Aardhchandra\IMG_4633.mp4,Aardhchandra,1080,1920,687,11.45,60.0,41.7,116.1,0.51,True,True,True,True,True,100.0,True
4-Aardhchandra\IMG_4634.mp4,Aardhchandra,1080,1920,691,11.52,60.0,39.53,115.8,0.5,True,True,True,True,True,100.0,True
4-Aardhchandra\IMG_4635.mp4,Aardhchandra,1080,1920,686,11.43,60.0,41.05,116.19,0.64,True,True,True,True,True,100.0,True
4-Aardhchandra\IMG_4636.mp4,Aardhchandra,1080,1920,682,11.37,60.0,41.15,116.06,0.62,True,True,True,True,True,100.0,True
4-Aardhchandra\IMG_4637.mp4,Aardhchandra,1080,1920,677,11.28,60.0,40.18,116.67,0.53,True,True,True,True,True,100.0,True
4-Aardhchandra\VID_20250529_154424.mp4,Aardhchandra,1080,1920,366,12.2,30.0,25.91,129.61,1.51,True,True,True,True,True,100.0,True
4-Aardhchandra\VID_20250529_154445.mp4,Aardhchandra,1080,1920,376,12.53,30.0,26.44,126.74,1.22,True,True,True,True,True,100.0,True
4-Aardhchandra\VID_20250529_154505.mp4,Aardhchandra,1080,1920,376,12.53,30.0,26.48,127.61,1.46,True,True,True,True,True,100.0,True
4-Aardhchandra\VID_20250529_154524.mp4,Aardhchandra,1080,1920,389,12.97,30.0,27.04,125.16,1.34,True,True,True,True,True,100.0,True
4-Aardhchandra\VID_20250529_154544.mp4,Aardhchandra,1080,1920,340,11.33,30.0,26.43,125.2,1.44,True,True,True,True,True,100.0,True
4-Aardhchandra\VID_20250529_154621.mp4,Aardhchandra,1080,1920,291,9.7,30.0,20.57,124.65,1.57,True,True,True,True,True,100.0,True
5-Aarala\IMG_1159.mp4,Aarala,1080,1920,343,11.43,30.0,32.15,149.68,0.97,True,True,True,True,True,100.0,True
5-Aarala\IMG_1160.mp4,Aarala,1080,1920,347,11.57,30.0,32.76,148.97,0.8,True,True,True,True,True,100.0,True
5-Aarala\IMG_1161.mp4,Aarala,1080,1920,19,0.63,30.0,29.45,148.06,0.32,True,True,True,True,False,,
5-Aarala\IMG_1162.mp4,Aarala,1080,1920,353,11.77,30.0,33.05,148.03,0.87,True,True,True,True,True,100.0,True
5-Aarala\IMG_1163.mp4,Aarala,1080,1920,356,11.87,30.0,34.56,147.94,0.96,True,True,True,True,True,100.0,True
5-Aarala\IMG_1164.mp4,Aarala,1080,1920,347,11.57,30.0,34.23,147.94,0.8,True,True,True,True,True,100.0,True
5-Aarala\IMG_1165.mp4,Aarala,1080,1920,343,11.43,30.0,33.56,148.82,0.96,True,True,True,True,True,100.0,True
5-Aarala\IMG_3917.mp4,Aarala,1080,1920,676,11.28,59.94,49.91,125.19,0.56,True,True,True,True,True,100.0,True
5-Aarala\IMG_3918.mp4,Aarala,1080,1920,684,11.41,59.94,49.88,124.69,0.49,True,True,True,True,True,100.0,True
5-Aarala\IMG_3919.mp4,Aarala,1080,1920,683,11.39,59.94,51.43,125.56,0.46,True,True,True,True,True,100.0,True
5-Aarala\IMG_3920.mp4,Aarala,1080,1920,684,11.41,59.94,51.36,125.33,0.44,True,True,True,True,True,100.0,True
5-Aarala\IMG_3921.mp4,Aarala,1080,1920,676,11.28,59.94,51.05,126.06,0.45,True,True,True,True,True,100.0,True
5-Aarala\IMG_3922.mp4,Aarala,1080,1920,677,11.29,59.94,49.25,124.92,0.43,True,True,True,True,True,100.0,True
5-Aarala\IMG_4638.mp4,Aarala,1080,1920,687,11.45,60.0,39.71,116.3,0.68,True,True,True,True,True,100.0,True
5-Aarala\IMG_4639.mp4,Aarala,1080,1920,683,11.38,60.0,38.78,115.69,0.57,True,True,True,True,True,100.0,True
5-Aarala\IMG_4640.mp4,Aarala,1080,1920,679,11.32,60.0,39.44,115.84,0.53,True,True,True,True,True,100.0,True
5-Aarala\IMG_4641.mp4,Aarala,1080,1920,677,11.28,60.0,38.98,115.84,0.52,True,True,True,True,True,100.0,True
5-Aarala\IMG_4642.mp4,Aarala,1080,1920,682,11.37,60.0,38.7,116.13,0.65,True,True,True,True,True,100.0,True
5-Aarala\IMG_4643.mp4,Aarala,1080,1920,675,11.25,60.0,39.31,116.54,0.57,True,True,True,True,True,100.0,True
5-Aarala\VID_20250529_154701.mp4,Aarala,1080,1920,335,11.17,30.0,26.34,128.76,1.73,True,True,True,True,True,100.0,True
5-Aarala\VID_20250529_154719.mp4,Aarala,1080,1920,336,11.2,30.0,25.96,128.32,1.5,True,True,True,True,True,100.0,True
5-Aarala\VID_20250529_154737.mp4,Aarala,1080,1920,341,11.37,30.0,25.74,128.56,1.32,True,True,True,True,True,100.0,True
5-Aarala\VID_20250529_154756.mp4,Aarala,1080,1920,340,11.33,30.0,26.48,128.99,1.1,True,True,True,True,True,100.0,True
5-Aarala\VID_20250529_154813.mp4,Aarala,1080,1920,421,14.03,30.0,26.32,129.17,1.25,True,True,True,True,True,100.0,True
5-Aarala\VID_20250529_154837.mp4,Aarala,1080,1920,344,11.47,30.0,25.92,126.03,1.75,True,True,True,True,True,100.0,True
6-Shukatundaka\IMG_1166.mp4,Shukatundaka,1080,1920,349,11.63,30.0,36.22,149.47,0.91,True,True,True,True,True,100.0,True
6-Shukatundaka\IMG_1167.mp4,Shukatundaka,1080,1920,697,11.63,59.94,43.52,148.76,0.42,True,True,True,True,True,100.0,True
6-Shukatundaka\IMG_1168.mp4,Shukatundaka,1080,1920,693,11.56,59.94,44.05,147.78,0.46,True,True,True,True,True,100.0,True
6-Shukatundaka\IMG_1170(1).mp4,Shukatundaka,1080,1920,687,11.46,59.94,43.59,149.19,0.41,True,True,True,True,True,100.0,True
6-Shukatundaka\IMG_1170.mp4,Shukatundaka,1080,1920,687,11.46,59.94,43.59,149.19,0.41,True,True,True,True,True,100.0,True
6-Shukatundaka\IMG_1171.mp4,Shukatundaka,1080,1920,695,11.58,60.0,41.52,149.47,0.57,True,True,True,True,True,100.0,True
6-Shukatundaka\IMG_3923.mp4,Shukatundaka,1080,1920,686,11.44,59.94,50.48,124.56,0.52,True,True,True,True,True,100.0,True
6-Shukatundaka\IMG_3924.mp4,Shukatundaka,1080,1920,672,11.21,59.94,50.9,123.88,0.45,True,True,True,True,True,100.0,True
6-Shukatundaka\IMG_3925.mp4,Shukatundaka,1080,1920,682,11.38,59.94,51.5,123.77,0.5,True,True,True,True,True,100.0,True
6-Shukatundaka\IMG_3927.mp4,Shukatundaka,1080,1920,687,11.46,59.94,52.08,124.63,0.59,True,True,True,True,True,100.0,True
6-Shukatundaka\IMG_3928.mp4,Shukatundaka,1080,1920,687,11.46,59.94,53.27,124.23,0.5,True,True,True,True,True,100.0,True
6-Shukatundaka\IMG_3929.mp4,Shukatundaka,1080,1920,687,11.46,59.94,51.04,123.93,0.72,True,True,True,True,True,100.0,True
6-Shukatundaka\IMG_4644.mp4,Shukatundaka,1080,1920,693,11.55,60.0,40.92,115.58,0.59,True,True,True,True,True,100.0,True
6-Shukatundaka\IMG_4645.mp4,Shukatundaka,1080,1920,666,11.1,60.0,40.63,115.43,0.48,True,True,True,True,True,100.0,True
6-Shukatundaka\IMG_4646.mp4,Shukatundaka,1080,1920,685,11.42,60.0,39.84,114.88,0.55,True,True,True,True,True,100.0,True
6-Shukatundaka\IMG_4648.mp4,Shukatundaka,1080,1920,675,11.25,60.0,40.54,116.08,0.68,True,True,True,True,True,100.0,True
6-Shukatundaka\IMG_4649.mp4,Shukatundaka,1080,1920,680,11.33,60.0,39.24,119.73,0.56,True,True,True,True,True,100.0,True
6-Shukatundaka\IMG_4650.mp4,Shukatundaka,1080,1920,678,11.3,60.0,38.58,119.34,0.67,True,True,True,True,True,100.0,True
6-Shukatundaka\VID_20250529_155022.mp4,Shukatundaka,1080,1920,347,11.57,30.0,8.91,127.93,0.82,False,True,True,True,True,100.0,True
6-Shukatundaka\VID_20250529_155044.mp4,Shukatundaka,1080,1920,335,11.17,30.0,9.43,130.32,0.89,False,True,True,True,True,100.0,True
6-Shukatundaka\VID_20250529_155106.mp4,Shukatundaka,1080,1920,334,11.13,30.0,9.33,127.9,0.96,False,True,True,True,True,100.0,True
6-Shukatundaka\VID_20250529_155155.mp4,Shukatundaka,1080,1920,346,11.53,30.0,20.82,128.46,1.4,True,True,True,True,True,100.0,True
6-Shukatundaka\VID_20250529_155259.mp4,Shukatundaka,1080,1920,171,11.4,15.0,23.32,127.87,2.17,True,True,True,True,True,100.0,True
6-Shukatundaka\VID_20250529_155326.mp4,Shukatundaka,1080,1920,171,11.4,15.0,23.4,127.05,3.0,True,True,True,True,True,100.0,True
7-Mushti\IMG_1173.mp4,Mushti,1080,1920,712,11.88,59.94,34.29,149.21,0.52,True,True,True,True,True,100.0,True
7-Mushti\IMG_1174.mp4,Mushti,1080,1920,692,11.53,60.0,43.47,148.31,0.34,True,True,True,True,True,100.0,True
7-Mushti\IMG_1175.mp4,Mushti,1080,1920,693,11.56,59.94,41.94,146.0,0.28,True,True,True,True,True,100.0,True
7-Mushti\IMG_1176.mp4,Mushti,1080,1920,691,11.53,59.94,44.14,145.91,0.32,True,True,True,True,True,100.0,True
7-Mushti\IMG_1177.mp4,Mushti,1080,1920,694,11.57,60.0,42.21,147.89,0.45,True,True,True,True,True,100.0,True
7-Mushti\IMG_1178.mp4,Mushti,1080,1920,687,11.45,60.0,41.47,145.81,0.46,True,True,True,True,True,100.0,True
7-Mushti\IMG_4651.mp4,Mushti,1080,1920,687,11.45,60.0,37.47,115.27,0.6,True,True,True,True,True,100.0,True
7-Mushti\IMG_4652.mp4,Mushti,1080,1920,676,11.27,60.0,39.33,117.08,0.53,True,True,True,True,True,100.0,True
7-Mushti\IMG_4653.mp4,Mushti,1080,1920,692,11.53,60.0,38.05,116.25,0.6,True,True,True,True,True,100.0,True
7-Mushti\IMG_4654.mp4,Mushti,1080,1920,681,11.35,60.0,37.3,115.95,0.5,True,True,True,True,True,100.0,True
7-Mushti\IMG_4655.mp4,Mushti,1080,1920,677,11.28,60.0,38.33,116.2,0.49,True,True,True,True,True,100.0,True
7-Mushti\IMG_4656.mp4,Mushti,1080,1920,690,11.5,60.0,36.44,116.32,0.61,True,True,True,True,True,100.0,True
7-Mushti\VID_20250529_155432.mp4,Mushti,1080,1920,178,11.87,15.0,16.36,128.43,2.0,False,True,True,True,True,100.0,True
7-Mushti\VID_20250529_155524.mp4,Mushti,1080,1920,341,11.37,30.0,14.84,128.71,1.42,False,True,True,True,True,100.0,True
7-Mushti\VID_20250529_155542.mp4,Mushti,1080,1920,339,11.3,30.0,14.48,126.03,1.03,False,True,True,True,True,100.0,True
7-Mushti\VID_20250529_155601.mp4,Mushti,1080,1920,339,11.3,30.0,15.11,126.87,1.36,False,True,True,True,True,100.0,True
7-Mushti\VID_20250529_155617.mp4,Mushti,1080,1920,337,11.23,30.0,15.49,126.76,1.22,False,True,True,True,True,100.0,True
7-Mushti\VID_20250529_155633.mp4,Mushti,1080,1920,334,11.13,30.0,15.34,126.38,1.4,False,True,True,True,True,100.0,True
8-Shikara\IMG_1179.mp4,Shikara,1080,1920,355,11.83,30.0,30.21,148.32,1.11,True,True,True,True,True,100.0,True
8-Shikara\IMG_1180.mp4,Shikara,1080,1920,346,11.53,30.0,33.36,148.32,0.69,True,True,True,True,True,100.0,True
8-Shikara\IMG_1181.mp4,Shikara,1080,1920,702,11.71,59.94,39.2,146.64,0.38,True,True,True,True,True,100.0,True
8-Shikara\IMG_1182.mp4,Shikara,1080,1920,695,11.58,60.0,41.63,147.37,0.37,True,True,True,True,True,100.0,True
8-Shikara\IMG_1183.mp4,Shikara,1080,1920,694,11.57,60.0,38.9,146.68,0.34,True,True,True,True,True,100.0,True
8-Shikara\IMG_1184.mp4,Shikara,1080,1920,673,11.22,60.0,33.04,149.02,0.48,True,True,True,True,True,100.0,True
8-Shikara\IMG_4657.mp4,Shikara,1080,1920,678,11.3,60.0,39.8,115.72,0.58,True,True,True,True,True,100.0,True
8-Shikara\IMG_4658.mp4,Shikara,1080,1920,689,11.48,60.0,39.92,115.52,0.54,True,True,True,True,True,100.0,True
8-Shikara\IMG_4659.mp4,Shikara,1080,1920,684,11.4,60.0,39.24,115.54,0.52,True,True,True,True,True,100.0,True
8-Shikara\IMG_4660.mp4,Shikara,1080,1920,698,11.63,60.0,38.1,115.51,0.56,True,True,True,True,True,100.0,True
8-Shikara\IMG_4661.mp4,Shikara,1080,1920,687,11.45,60.0,38.04,115.3,0.55,True,True,True,True,True,100.0,True
8-Shikara\IMG_4662.mp4,Shikara,1080,1920,687,11.45,60.0,38.58,115.51,0.63,True,True,True,True,True,100.0,True
8-Shikara\VID_20250529_155826.mp4,Shikara,1080,1920,338,11.27,30.0,23.3,123.53,1.35,True,True,True,True,True,100.0,True
8-Shikara\VID_20250529_155843.mp4,Shikara,1080,1920,356,11.87,30.0,22.79,123.99,1.22,True,True,True,True,True,100.0,True
8-Shikara\VID_20250529_155910.mp4,Shikara,1080,1920,336,11.2,30.0,23.45,123.93,1.36,True,True,True,True,True,100.0,True
8-Shikara\VID_20250529_155939.mp4,Shikara,1080,1920,341,11.37,30.0,22.96,125.11,1.27,True,True,True,True,True,100.0,True
8-Shikara\VID_20250529_155955.mp4,Shikara,1080,1920,241,8.03,30.0,24.25,124.81,1.05,True,True,True,True,True,100.0,True
8-Shikara\VID_20250529_160048.mp4,Shikara,1080,1920,336,11.2,30.0,25.66,123.1,1.24,True,True,True,True,True,100.0,True
9-Kapitha\IMG_1185.mp4,Kapitha,1080,1920,708,11.81,59.94,28.17,145.21,0.91,True,True,True,True,True,100.0,True
9-Kapitha\IMG_1186.mp4,Kapitha,1080,1920,692,11.54,59.94,32.94,143.64,0.68,True,True,True,True,True,100.0,True
9-Kapitha\IMG_1187.mp4,Kapitha,1080,1920,695,11.58,60.0,30.69,145.75,0.66,True,True,True,True,True,100.0,True
9-Kapitha\IMG_1188.mp4,Kapitha,1080,1920,690,11.51,59.94,34.4,145.47,0.63,True,True,True,True,True,100.0,True
9-Kapitha\IMG_1189.mp4,Kapitha,1080,1920,783,13.06,59.94,32.83,145.21,0.56,True,True,True,True,True,100.0,True
9-Kapitha\IMG_1190.mp4,Kapitha,1080,1920,689,11.49,59.94,35.72,145.12,0.51,True,True,True,True,True,100.0,True
9-Kapitha\IMG_4663.mp4,Kapitha,1080,1920,688,11.47,60.0,40.11,115.09,0.83,True,True,True,True,True,100.0,True
9-Kapitha\IMG_4664.mp4,Kapitha,1080,1920,687,11.45,60.0,40.22,115.17,0.75,True,True,True,True,True,100.0,True
9-Kapitha\IMG_4665.mp4,Kapitha,1080,1920,682,11.37,60.0,39.38,114.7,0.76,True,True,True,True,True,100.0,True
9-Kapitha\IMG_4667.mp4,Kapitha,1080,1920,684,11.4,60.0,40.83,114.72,0.61,True,True,True,True,True,100.0,True
9-Kapitha\IMG_4668.mp4,Kapitha,1080,1920,693,11.55,60.0,39.75,114.9,0.55,True,True,True,True,True,100.0,True
9-Kapitha\VID_20250529_160136.mp4,Kapitha,1080,1920,338,11.27,30.0,26.4,121.45,1.53,True,True,True,True,True,100.0,True
9-Kapitha\VID_20250529_160154.mp4,Kapitha,1080,1920,375,12.5,30.0,25.16,124.66,1.44,True,True,True,True,True,100.0,True
9-Kapitha\VID_20250529_160251.mp4,Kapitha,1080,1920,334,11.13,30.0,23.29,123.43,1.55,True,True,True,True,True,100.0,True
9-Kapitha\VID_20250529_160307.mp4,Kapitha,1080,1920,341,11.37,30.0,23.53,124.4,1.75,True,True,True,True,True,100.0,True
9-Kapitha\VID_20250529_160324.mp4,Kapitha,1080,1920,350,11.67,30.0,22.84,124.5,1.95,True,True,True,True,True,100.0,True
9-Kapitha\VID_20250529_160341.mp4,Kapitha,1080,1920,348,11.6,30.0,22.96,124.72,1.53,True,True,True,True,True,100.0,True
